"Ancienneté_an";"Distance domicile/Travail";"Service";"Work_accident";"Niveau de satisfaction";"Sexe";"Enfants";"Contrat";"Durée hebdo";"Salaire base mensuel";"%variable_moyen";"Augmentation";"Promotion";"Age";"Id"
"15-20 ans";"55-60 km";"Marketing";"Non";34;"H";0;"CDI";35;"9500-10000€";27;0;0;"35-40 ans";"00_00_00"
"10-15 ans";"25-30 km";"Compta Finances";"Non";78;"H";0;"CDI";35;"9500-10000€";34;0;0;"45-50 ans";"01_01_01"
"20-25 ans";"0-5 km";"Marketing";"Non";45;"H";0;"CDI";35;"9500-10000€";24;0;0;"35-40 ans";"02_02_02"
"5-10 ans";"15-20 km";"RH";"Non";58;"H";3;"CDI";35;"9500-10000€";27;1;1;"30-35 ans";"03_03_03"
"20-25 ans";"65-70 km";"Consultant";"Non";60;"F";3;"CDI";35;"9500-10000€";13;0;0;"40-45 ans";"04_04_04"
"15-20 ans";"45-50 km";"Commercial";"Oui";40;"H";1;"CDI";35;"9500-10000€";28;0;0;"30-35 ans";"05_05_05"
"5-10 ans";"20-25 km";"Consultant";"Non";69;"F";0;"CDI";35;"9500-10000€";38;0;0;"40-45 ans";"06_06_06"
"10-15 ans";"55-60 km";"Commercial";"Oui";13;"F";0;"CDI";35;"9500-10000€";4;1;0;"40-45 ans";"07_07_07"
"5-10 ans";"60-65 km";"Consultant";"Non";72;"H";1;"CDI";35;"9500-10000€";12;1;1;"50-55 ans";"08_08_08"
"15-20 ans";"10-15 km";"RH";"Non";3;"H";0;"CDI";35;"9500-10000€";17;0;0;"50-55 ans";"09_09_09"
"5-10 ans";"65-70 km";"RH";"Oui";32;"H";2;"CDI";35;"9500-10000€";19;1;0;"40-45 ans";"010_010_010"
"5-10 ans";"25-30 km";"Informatique";"Non";77;"H";2;"CDI";35;"9500-10000€";5;1;0;"45-50 ans";"011_011_011"
"15-20 ans";"25-30 km";"Commercial";"Oui";48;"H";1;"CDI";35;"9500-10000€";7;0;0;"45-50 ans";"012_012_012"
"10-15 ans";"45-50 km";"Commercial";"Non";15;"F";1;"CDI";35;"9500-10000€";20;1;0;"30-35 ans";"013_013_013"
"10-15 ans";"60-65 km";"Commercial";"Non";81;"F";3;"CDI";35;"9000-9500€";17;1;0;"45-50 ans";"014_014_014"
"10-15 ans";"5-10 km";"Commercial";"Non";52;"H";0;"CDI";35;"9000-9500€";38;1;1;"50-55 ans";"015_015_015"
"20-25 ans";"60-65 km";"Consultant";"Non";1;"H";2;"CDI";35;"9000-9500€";0;1;0;"45-50 ans";"016_016_016"
"20-25 ans";"35-40 km";"Consultant";"Non";9;"F";1;"CDI";35;"9000-9500€";24;1;0;"50-55 ans";"017_017_017"
"20-25 ans";"10-15 km";"Consultant";"Non";25;"H";1;"CDI";35;"9000-9500€";3;1;0;"50-55 ans";"018_018_018"
"5-10 ans";"45-50 km";"Informatique";"Non";74;"F";1;"CDI";35;"9000-9500€";8;1;1;"45-50 ans";"019_019_019"
"5-10 ans";"0-5 km";"Compta Finances";"Non";84;"F";1;"CDI";35;"9000-9500€";1;1;0;"55-60 ans";"020_020_020"
"5-10 ans";"15-20 km";"Marketing";"Non";69;"F";1;"CDI";35;"9000-9500€";4;0;0;"40-45 ans";"021_021_021"
"5-10 ans";"45-50 km";"Consultant";"Non";7;"F";3;"CDI";35;"9000-9500€";17;1;0;"50-55 ans";"022_022_022"
"5-10 ans";"40-45 km";"Informatique";"Oui";8;"H";3;"CDI";35;"9000-9500€";21;0;0;"55-60 ans";"023_023_023"
"15-20 ans";"60-65 km";"Commercial";"Non";11;"H";2;"CDI";35;"9000-9500€";1;0;0;"40-45 ans";"024_024_024"
"10-15 ans";"25-30 km";"RH";"Non";1;"H";0;"CDI";35;"9000-9500€";20;1;1;"25-30 ans";"025_025_025"
"10-15 ans";"60-65 km";"RH";"Non";59;"F";3;"CDI";32;"8500-9000€";19;1;0;"40-45 ans";"026_026_026"
"10-15 ans";"15-20 km";"Commercial";"Oui";84;"F";3;"CDI";35;"8500-9000€";17;0;1;"30-35 ans";"027_027_027"
"5-10 ans";"0-5 km";"RH";"Non";62;"F";3;"CDI";35;"8500-9000€";19;0;1;"35-40 ans";"028_028_028"
"5-10 ans";"45-50 km";"Informatique";"Non";93;"H";1;"CDI";35;"8500-9000€";20;0;0;"30-35 ans";"029_029_029"
"15-20 ans";"20-25 km";"Commercial";"Non";80;"H";0;"CDI";35;"8500-9000€";37;1;0;"55-60 ans";"030_030_030"
"10-15 ans";"15-20 km";"Marketing";"Non";89;"H";3;"CDI";35;"8500-9000€";34;1;0;"55-60 ans";"031_031_031"
"5-10 ans";"55-60 km";"Compta Finances";"Non";26;"H";3;"CDI";35;"8500-9000€";37;0;0;"55-60 ans";"032_032_032"
"15-20 ans";"65-70 km";"Compta Finances";"Non";25;"F";0;"CDI";35;"8500-9000€";26;1;0;"40-45 ans";"033_033_033"
"15-20 ans";"35-40 km";"Commercial";"Non";44;"F";0;"CDI";35;"8500-9000€";3;0;0;"45-50 ans";"034_034_034"
"20-25 ans";"50-55 km";"RH";"Non";87;"H";2;"CDI";35;"8500-9000€";7;0;0;"40-45 ans";"035_035_035"
"15-20 ans";"30-35 km";"Informatique";"Non";35;"H";2;"CDI";35;"8000-8500€";1;0;0;"35-40 ans";"036_036_036"
"15-20 ans";"55-60 km";"Commercial";"Oui";44;"H";2;"CDI";35;"8000-8500€";18;1;0;"50-55 ans";"037_037_037"
"10-15 ans";"50-55 km";"Compta Finances";"Non";96;"F";0;"CDI";35;"8000-8500€";38;0;1;"50-55 ans";"038_038_038"
"5-10 ans";"25-30 km";"Commercial";"Oui";14;"H";0;"CDI";35;"8000-8500€";16;0;1;"30-35 ans";"039_039_039"
"5-10 ans";"30-35 km";"Compta Finances";"Non";42;"F";3;"CDI";35;"8000-8500€";12;0;0;"35-40 ans";"040_040_040"
"10-15 ans";"55-60 km";"Compta Finances";"Non";60;"F";1;"CDI";35;"8000-8500€";14;1;0;"30-35 ans";"041_041_041"
"20-25 ans";"50-55 km";"RH";"Non";78;"H";0;"CDI";35;"8000-8500€";10;0;0;"35-40 ans";"042_042_042"
"15-20 ans";"25-30 km";"Compta Finances";"Non";32;"F";2;"CDI";35;"8000-8500€";14;0;0;"60-65 ans";"043_043_043"
"15-20 ans";"20-25 km";"Commercial";"Oui";54;"F";1;"CDI";35;"8000-8500€";36;1;0;"45-50 ans";"044_044_044"
"10-15 ans";"65-70 km";"RH";"Non";69;"F";1;"CDI";35;"8000-8500€";38;0;0;"30-35 ans";"045_045_045"
"15-20 ans";"25-30 km";"Compta Finances";"Non";70;"H";3;"CDI";35;"8000-8500€";38;1;1;"45-50 ans";"046_046_046"
"20-25 ans";"30-35 km";"Marketing";"Non";75;"F";1;"CDI";35;"8000-8500€";14;0;0;"45-50 ans";"047_047_047"
"10-15 ans";"30-35 km";"Compta Finances";"Non";32;"F";1;"CDI";35;"8000-8500€";13;0;1;"55-60 ans";"048_048_048"
"10-15 ans";"25-30 km";"Commercial";"Non";78;"F";3;"CDI";35;"7500-8000€";38;1;0;"40-45 ans";"049_049_049"
"5-10 ans";"20-25 km";"Commercial";"Oui";42;"H";2;"CDI";35;"7500-8000€";32;1;0;"40-45 ans";"050_050_050"
"20-25 ans";"0-5 km";"Compta Finances";"Oui";65;"F";1;"CDI";35;"7500-8000€";35;0;0;"60-65 ans";"051_051_051"
"15-20 ans";"45-50 km";"Compta Finances";"Non";53;"F";0;"CDI";35;"7500-8000€";27;0;0;"30-35 ans";"052_052_052"
"20-25 ans";"25-30 km";"RH";"Non";63;"F";3;"CDI";35;"7500-8000€";36;1;0;"40-45 ans";"053_053_053"
"15-20 ans";"60-65 km";"Compta Finances";"Non";96;"H";2;"CDI";35;"7500-8000€";21;1;0;"40-45 ans";"054_054_054"
"10-15 ans";"30-35 km";"Commercial";"Oui";31;"H";3;"CDI";35;"7500-8000€";23;1;0;"50-55 ans";"055_055_055"
"5-10 ans";"65-70 km";"RH";"Non";86;"H";2;"CDI";35;"7500-8000€";27;0;0;"35-40 ans";"056_056_056"
"15-20 ans";"65-70 km";"RH";"Non";47;"F";0;"CDI";35;"7500-8000€";9;0;0;"40-45 ans";"057_057_057"
"0-5 ans";"25-30 km";"Consultant";"Non";77;"F";3;"CDI";35;"7500-8000€";37;1;1;"40-45 ans";"058_058_058"
"20-25 ans";"55-60 km";"Informatique";"Non";54;"H";3;"CDI";35;"7500-8000€";5;1;0;"40-45 ans";"059_059_059"
"5-10 ans";"30-35 km";"RH";"Non";84;"F";1;"CDI";35;"7500-8000€";21;1;0;"45-50 ans";"060_060_060"
"10-15 ans";"65-70 km";"Marketing";"Non";59;"H";3;"CDI";35;"7500-8000€";27;0;0;"35-40 ans";"061_061_061"
"10-15 ans";"50-55 km";"Compta Finances";"Non";55;"F";0;"CDI";35;"7500-8000€";19;1;1;"40-45 ans";"062_062_062"
"20-25 ans";"50-55 km";"Commercial";"Non";77;"F";0;"CDI";35;"7000-7500€";6;1;0;"40-45 ans";"063_063_063"
"5-10 ans";"65-70 km";"Compta Finances";"Non";70;"F";1;"CDI";35;"7000-7500€";17;1;0;"55-60 ans";"064_064_064"
"5-10 ans";"45-50 km";"Marketing";"Non";17;"H";2;"CDI";28;"7000-7500€";31;1;0;"25-30 ans";"065_065_065"
"20-25 ans";"50-55 km";"Consultant";"Non";24;"F";3;"CDI";35;"7000-7500€";12;0;0;"35-40 ans";"066_066_066"
"5-10 ans";"55-60 km";"Consultant";"Non";34;"F";0;"CDI";35;"7000-7500€";17;1;0;"35-40 ans";"067_067_067"
"5-10 ans";"60-65 km";"Consultant";"Non";5;"H";2;"CDI";28;"7000-7500€";7;1;1;"45-50 ans";"068_068_068"
"15-20 ans";"60-65 km";"Marketing";"Non";64;"H";2;"CDI";35;"7000-7500€";31;0;0;"55-60 ans";"069_069_069"
"10-15 ans";"15-20 km";"RH";"Non";84;"H";3;"CDI";35;"7000-7500€";30;1;1;"50-55 ans";"070_070_070"
"5-10 ans";"65-70 km";"Compta Finances";"Non";66;"H";2;"CDI";35;"7000-7500€";7;1;0;"55-60 ans";"071_071_071"
"20-25 ans";"25-30 km";"Marketing";"Non";54;"H";0;"CDI";35;"7000-7500€";37;1;1;"40-45 ans";"072_072_072"
"5-10 ans";"65-70 km";"Consultant";"Non";89;"H";2;"CDI";35;"7000-7500€";38;1;0;"30-35 ans";"073_073_073"
"0-5 ans";"25-30 km";"RH";"Non";6;"F";0;"CDI";35;"7000-7500€";3;0;0;"35-40 ans";"074_074_074"
"5-10 ans";"25-30 km";"RH";"Oui";42;"F";1;"CDI";35;"7000-7500€";21;1;0;"30-35 ans";"075_075_075"
"20-25 ans";"25-30 km";"Commercial";"Oui";39;"H";1;"CDI";35;"7000-7500€";1;1;0;"45-50 ans";"076_076_076"
"15-20 ans";"5-10 km";"Informatique";"Non";31;"H";0;"CDI";35;"7000-7500€";26;0;0;"50-55 ans";"077_077_077"
"15-20 ans";"45-50 km";"Consultant";"Non";99;"H";0;"CDI";35;"6500-7000€";31;0;1;"50-55 ans";"078_078_078"
"15-20 ans";"40-45 km";"Commercial";"Non";21;"F";3;"CDI";35;"6500-7000€";17;0;1;"30-35 ans";"079_079_079"
"20-25 ans";"35-40 km";"Marketing";"Non";1;"H";1;"CDI";24;"6500-7000€";21;1;0;"55-60 ans";"080_080_080"
"0-5 ans";"5-10 km";"Commercial";"Oui";41;"F";3;"CDI";35;"6500-7000€";5;1;0;"30-35 ans";"081_081_081"
"20-25 ans";"30-35 km";"Commercial";"Non";47;"F";2;"CDI";35;"6500-7000€";14;1;0;"45-50 ans";"082_082_082"
"20-25 ans";"55-60 km";"Compta Finances";"Non";6;"F";3;"CDI";32;"6500-7000€";4;0;0;"40-45 ans";"083_083_083"
"20-25 ans";"60-65 km";"Consultant";"Oui";63;"F";1;"CDI";35;"6500-7000€";19;0;0;"55-60 ans";"084_084_084"
"10-15 ans";"55-60 km";"Marketing";"Non";67;"F";2;"CDI";35;"6500-7000€";13;1;0;"55-60 ans";"085_085_085"
"20-25 ans";"65-70 km";"Informatique";"Non";4;"H";1;"CDI";35;"6500-7000€";36;0;1;"55-60 ans";"086_086_086"
"5-10 ans";"10-15 km";"Informatique";"Oui";30;"H";0;"CDI";35;"6000-6500€";1;0;0;"35-40 ans";"087_087_087"
"5-10 ans";"55-60 km";"Consultant";"Non";72;"F";3;"CDI";35;"6000-6500€";24;1;0;"40-45 ans";"088_088_088"
"5-10 ans";"35-40 km";"Consultant";"Non";80;"H";2;"CDI";35;"6000-6500€";21;0;0;"50-55 ans";"089_089_089"
"5-10 ans";"25-30 km";"Consultant";"Non";68;"H";0;"CDI";35;"6000-6500€";11;1;0;"45-50 ans";"090_090_090"
"0-5 ans";"35-40 km";"Informatique";"Non";4;"F";1;"CDI";35;"6000-6500€";26;1;0;"30-35 ans";"091_091_091"
"5-10 ans";"25-30 km";"Consultant";"Non";39;"F";1;"CDI";35;"6000-6500€";34;0;0;"55-60 ans";"092_092_092"
"0-5 ans";"50-55 km";"Commercial";"Non";3;"F";2;"CDI";35;"6000-6500€";5;1;0;"40-45 ans";"093_093_093"
"10-15 ans";"25-30 km";"Commercial";"Non";56;"H";1;"CDI";35;"6000-6500€";23;0;1;"45-50 ans";"094_094_094"
"20-25 ans";"45-50 km";"Informatique";"Non";57;"H";2;"CDI";24;"6000-6500€";17;0;0;"45-50 ans";"095_095_095"
"5-10 ans";"25-30 km";"RH";"Non";29;"H";0;"CDI";35;"6000-6500€";38;0;0;"25-30 ans";"096_096_096"
"20-25 ans";"65-70 km";"Commercial";"Non";38;"F";2;"CDI";35;"6000-6500€";16;1;1;"45-50 ans";"097_097_097"
"10-15 ans";"60-65 km";"Compta Finances";"Non";94;"F";3;"CDI";35;"6000-6500€";0;1;1;"45-50 ans";"098_098_098"
"20-25 ans";"40-45 km";"Commercial";"Oui";7;"H";0;"CDI";35;"6000-6500€";32;0;0;"35-40 ans";"099_099_099"
"15-20 ans";"60-65 km";"Consultant";"Non";36;"H";2;"CDI";35;"6000-6500€";3;1;0;"40-45 ans";"0100_0100_0100"
"15-20 ans";"30-35 km";"Commercial";"Oui";74;"H";2;"CDI";35;"6000-6500€";39;1;0;"40-45 ans";"0101_0101_0101"
"20-25 ans";"35-40 km";"Marketing";"Oui";70;"H";1;"CDI";35;"6000-6500€";2;1;0;"45-50 ans";"0102_0102_0102"
"20-25 ans";"60-65 km";"Commercial";"Non";17;"H";3;"CDI";35;"5500-6000€";6;0;0;"45-50 ans";"0103_0103_0103"
"5-10 ans";"60-65 km";"Marketing";"Non";1;"F";0;"CDI";24;"5500-6000€";32;1;0;"45-50 ans";"0104_0104_0104"
"15-20 ans";"65-70 km";"Commercial";"Non";41;"H";3;"CDI";35;"5500-6000€";17;1;0;"30-35 ans";"0105_0105_0105"
"5-10 ans";"20-25 km";"Marketing";"Non";37;"H";3;"CDI";35;"5500-6000€";33;0;0;"40-45 ans";"0106_0106_0106"
"20-25 ans";"60-65 km";"Commercial";"Non";15;"F";3;"CDI";24;"5500-6000€";23;1;0;"50-55 ans";"0107_0107_0107"
"5-10 ans";"60-65 km";"Consultant";"Non";94;"H";1;"CDI";35;"5500-6000€";36;1;0;"35-40 ans";"0108_0108_0108"
"20-25 ans";"20-25 km";"Commercial";"Non";15;"H";3;"CDI";35;"5500-6000€";37;0;0;"35-40 ans";"0109_0109_0109"
"10-15 ans";"50-55 km";"Commercial";"Non";19;"H";0;"CDI";35;"5500-6000€";17;0;0;"50-55 ans";"0110_0110_0110"
"20-25 ans";"25-30 km";"Consultant";"Non";51;"F";1;"CDI";35;"5500-6000€";6;1;1;"50-55 ans";"0111_0111_0111"
"15-20 ans";"45-50 km";"Compta Finances";"Non";100;"H";3;"CDI";24;"5500-6000€";15;1;0;"30-35 ans";"0112_0112_0112"
"15-20 ans";"45-50 km";"Consultant";"Non";50;"F";1;"CDI";35;"5500-6000€";17;1;0;"25-30 ans";"0113_0113_0113"
"20-25 ans";"45-50 km";"Commercial";"Oui";86;"F";1;"CDI";35;"5500-6000€";20;1;1;"35-40 ans";"0114_0114_0114"
"5-10 ans";"65-70 km";"RH";"Non";7;"F";2;"CDI";35;"5500-6000€";9;1;0;"60-65 ans";"0115_0115_0115"
"20-25 ans";"5-10 km";"Marketing";"Non";81;"H";1;"CDI";35;"5500-6000€";23;1;1;"40-45 ans";"0116_0116_0116"
"10-15 ans";"5-10 km";"Commercial";"Non";47;"H";0;"CDI";35;"5000-5500€";34;0;0;"45-50 ans";"0117_0117_0117"
"5-10 ans";"55-60 km";"Marketing";"Non";25;"H";2;"CDI";24;"5000-5500€";39;0;0;"30-35 ans";"0118_0118_0118"
"15-20 ans";"5-10 km";"Consultant";"Non";8;"H";3;"CDI";35;"5000-5500€";7;0;0;"50-55 ans";"0119_0119_0119"
"5-10 ans";"5-10 km";"Consultant";"Non";51;"H";3;"CDI";24;"5000-5500€";30;0;0;"50-55 ans";"0120_0120_0120"
"5-10 ans";"15-20 km";"Consultant";"Non";51;"F";1;"CDI";35;"5000-5500€";30;1;0;"40-45 ans";"0121_0121_0121"
"15-20 ans";"40-45 km";"RH";"Non";80;"H";1;"CDI";35;"5000-5500€";4;1;0;"55-60 ans";"0122_0122_0122"
"15-20 ans";"15-20 km";"RH";"Non";30;"F";3;"CDI";35;"5000-5500€";39;0;0;"60-65 ans";"0123_0123_0123"
"0-5 ans";"35-40 km";"Informatique";"Non";32;"H";0;"CDI";35;"5000-5500€";11;0;0;"45-50 ans";"0124_0124_0124"
"5-10 ans";"20-25 km";"RH";"Non";77;"F";3;"CDI";35;"5000-5500€";10;0;0;"45-50 ans";"0125_0125_0125"
"5-10 ans";"30-35 km";"Consultant";"Non";62;"H";0;"CDI";28;"5000-5500€";10;1;0;"40-45 ans";"0126_0126_0126"
"20-25 ans";"45-50 km";"Commercial";"Non";31;"F";0;"CDI";35;"5000-5500€";11;1;0;"40-45 ans";"0127_0127_0127"
"0-5 ans";"40-45 km";"RH";"Non";20;"F";0;"CDI";35;"5000-5500€";33;0;0;"50-55 ans";"0128_0128_0128"
"15-20 ans";"30-35 km";"RH";"Non";55;"F";0;"CDI";35;"5000-5500€";39;1;0;"50-55 ans";"0129_0129_0129"
"15-20 ans";"65-70 km";"RH";"Non";46;"F";2;"CDI";35;"5000-5500€";24;1;0;"30-35 ans";"0130_0130_0130"
"20-25 ans";"50-55 km";"RH";"Non";95;"H";3;"CDI";35;"5000-5500€";24;0;0;"55-60 ans";"0131_0131_0131"
"20-25 ans";"35-40 km";"Compta Finances";"Non";52;"H";0;"CDI";35;"4500-5000€";8;0;0;"45-50 ans";"0132_0132_0132"
"10-15 ans";"30-35 km";"Commercial";"Oui";66;"F";2;"CDI";24;"4500-5000€";32;0;0;"55-60 ans";"0133_0133_0133"
"5-10 ans";"40-45 km";"Commercial";"Non";1;"F";0;"CDI";24;"4500-5000€";17;1;0;"50-55 ans";"0134_0134_0134"
"20-25 ans";"60-65 km";"RH";"Non";11;"F";0;"CDI";24;"4500-5000€";14;0;0;"35-40 ans";"0135_0135_0135"
"5-10 ans";"5-10 km";"Consultant";"Non";33;"H";0;"CDI";24;"4500-5000€";19;0;1;"30-35 ans";"0136_0136_0136"
"10-15 ans";"40-45 km";"Marketing";"Non";73;"F";2;"CDI";35;"4500-5000€";7;1;0;"35-40 ans";"0137_0137_0137"
"10-15 ans";"65-70 km";"Consultant";"Non";46;"F";0;"CDI";35;"4500-5000€";26;1;0;"35-40 ans";"0138_0138_0138"
"20-25 ans";"35-40 km";"Informatique";"Oui";32;"F";2;"CDI";35;"4500-5000€";5;0;0;"55-60 ans";"0139_0139_0139"
"10-15 ans";"30-35 km";"Marketing";"Non";92;"H";1;"CDI";35;"4500-5000€";15;0;0;"35-40 ans";"0140_0140_0140"
"15-20 ans";"50-55 km";"Marketing";"Oui";51;"F";1;"CDI";35;"4500-5000€";38;1;0;"45-50 ans";"0141_0141_0141"
"15-20 ans";"40-45 km";"Consultant";"Non";90;"F";1;"CDI";35;"4500-5000€";34;1;0;"40-45 ans";"0142_0142_0142"
"5-10 ans";"55-60 km";"RH";"Non";46;"H";1;"CDI";35;"4000-4500€";22;1;0;"50-55 ans";"0143_0143_0143"
"0-5 ans";"0-5 km";"Consultant";"Non";2;"H";3;"CDI";35;"4000-4500€";33;1;0;"50-55 ans";"0144_0144_0144"
"20-25 ans";"55-60 km";"Marketing";"Non";29;"F";3;"CDI";35;"4000-4500€";30;0;0;"45-50 ans";"0145_0145_0145"
"10-15 ans";"5-10 km";"Compta Finances";"Non";28;"H";3;"CDI";35;"4000-4500€";6;1;1;"50-55 ans";"0146_0146_0146"
"10-15 ans";"30-35 km";"Consultant";"Non";39;"H";0;"CDI";35;"4000-4500€";39;0;0;"60-65 ans";"0147_0147_0147"
"10-15 ans";"30-35 km";"Consultant";"Non";82;"F";0;"CDI";35;"4000-4500€";12;0;1;"60-65 ans";"0148_0148_0148"
"5-10 ans";"60-65 km";"Consultant";"Non";50;"H";3;"CDI";35;"4000-4500€";13;1;0;"35-40 ans";"0149_0149_0149"
"15-20 ans";"65-70 km";"Compta Finances";"Non";48;"H";0;"CDI";35;"4000-4500€";31;0;0;"50-55 ans";"0150_0150_0150"
"5-10 ans";"55-60 km";"Compta Finances";"Non";4;"F";0;"CDI";35;"4000-4500€";39;1;0;"45-50 ans";"0151_0151_0151"
"0-5 ans";"30-35 km";"Compta Finances";"Non";14;"F";2;"CDI";35;"4000-4500€";34;1;0;"30-35 ans";"0152_0152_0152"
"20-25 ans";"40-45 km";"Informatique";"Non";41;"H";2;"CDI";24;"4000-4500€";12;0;0;"55-60 ans";"0153_0153_0153"
"15-20 ans";"45-50 km";"Commercial";"Oui";60;"F";0;"CDI";35;"4000-4500€";7;1;0;"45-50 ans";"0154_0154_0154"
"20-25 ans";"60-65 km";"Consultant";"Non";34;"H";0;"CDI";35;"4000-4500€";22;0;0;"35-40 ans";"0155_0155_0155"
"5-10 ans";"5-10 km";"RH";"Non";35;"F";1;"CDI";24;"4000-4500€";8;1;0;"60-65 ans";"0156_0156_0156"
"20-25 ans";"35-40 km";"Marketing";"Non";74;"F";1;"CDI";35;"4000-4500€";28;0;0;"40-45 ans";"0157_0157_0157"
"15-20 ans";"35-40 km";"Marketing";"Non";37;"H";1;"CDI";35;"4000-4500€";14;0;0;"55-60 ans";"0158_0158_0158"
"5-10 ans";"55-60 km";"Compta Finances";"Non";93;"F";0;"CDI";35;"4000-4500€";12;0;0;"35-40 ans";"0159_0159_0159"
"20-25 ans";"60-65 km";"Consultant";"Non";60;"H";0;"CDI";35;"4000-4500€";40;1;0;"40-45 ans";"0160_0160_0160"
"5-10 ans";"25-30 km";"Consultant";"Non";13;"H";2;"CDI";35;"3500-4000€";32;0;0;"55-60 ans";"0161_0161_0161"
"10-15 ans";"45-50 km";"RH";"Non";49;"H";1;"CDI";35;"3500-4000€";1;0;1;"30-35 ans";"0162_0162_0162"
"20-25 ans";"40-45 km";"Compta Finances";"Non";47;"F";1;"CDI";24;"3500-4000€";9;1;1;"50-55 ans";"0163_0163_0163"
"10-15 ans";"10-15 km";"RH";"Non";99;"F";3;"CDI";35;"3500-4000€";26;0;0;"50-55 ans";"0164_0164_0164"
"20-25 ans";"5-10 km";"RH";"Non";39;"H";1;"CDI";35;"3500-4000€";30;0;0;"40-45 ans";"0165_0165_0165"
"20-25 ans";"50-55 km";"Commercial";"Non";61;"F";3;"CDI";35;"3500-4000€";9;1;1;"55-60 ans";"0166_0166_0166"
"20-25 ans";"50-55 km";"RH";"Non";29;"F";1;"CDI";35;"3500-4000€";24;0;0;"50-55 ans";"0167_0167_0167"
"10-15 ans";"65-70 km";"RH";"Oui";62;"F";1;"CDI";35;"3500-4000€";29;1;0;"45-50 ans";"0168_0168_0168"
"0-5 ans";"40-45 km";"Marketing";"Non";25;"H";2;"CDD";35;"3500-4000€";24;0;0;"35-40 ans";"0169_0169_0169"
"20-25 ans";"45-50 km";"Commercial";"Non";95;"H";1;"CDI";35;"3500-4000€";33;0;1;"35-40 ans";"0170_0170_0170"
"15-20 ans";"40-45 km";"Marketing";"Non";69;"H";1;"CDI";35;"3500-4000€";33;0;0;"60-65 ans";"0171_0171_0171"
"0-5 ans";"5-10 km";"Marketing";"Non";96;"F";1;"CDD";35;"3500-4000€";6;0;0;"45-50 ans";"0172_0172_0172"
"15-20 ans";"55-60 km";"Marketing";"Non";38;"F";2;"CDI";35;"3500-4000€";32;1;0;"35-40 ans";"0173_0173_0173"
"20-25 ans";"45-50 km";"Marketing";"Non";81;"H";2;"CDI";35;"3500-4000€";30;1;0;"45-50 ans";"0174_0174_0174"
"10-15 ans";"40-45 km";"Consultant";"Non";1;"F";2;"CDI";35;"3500-4000€";39;1;0;"25-30 ans";"0175_0175_0175"
"20-25 ans";"55-60 km";"RH";"Non";92;"H";2;"CDI";35;"3500-4000€";11;0;1;"45-50 ans";"0176_0176_0176"
"0-5 ans";"10-15 km";"RH";"Non";65;"H";2;"CDI";35;"3000-3500€";19;0;0;"25-30 ans";"0177_0177_0177"
"20-25 ans";"10-15 km";"Marketing";"Oui";99;"H";0;"CDI";35;"3000-3500€";3;1;0;"35-40 ans";"0178_0178_0178"
"10-15 ans";"35-40 km";"Consultant";"Non";25;"F";1;"CDI";35;"3000-3500€";30;0;0;"50-55 ans";"0179_0179_0179"
"10-15 ans";"10-15 km";"Compta Finances";"Non";44;"H";0;"CDI";35;"3000-3500€";27;1;0;"35-40 ans";"0180_0180_0180"
"15-20 ans";"10-15 km";"Compta Finances";"Non";56;"H";2;"CDI";35;"3000-3500€";23;0;0;"45-50 ans";"0181_0181_0181"
"5-10 ans";"5-10 km";"RH";"Non";90;"H";3;"CDI";35;"3000-3500€";28;1;0;"50-55 ans";"0182_0182_0182"
"15-20 ans";"25-30 km";"Commercial";"Non";42;"F";1;"CDI";35;"3000-3500€";30;1;0;"35-40 ans";"0183_0183_0183"
"5-10 ans";"10-15 km";"Marketing";"Non";25;"F";3;"CDI";35;"3000-3500€";34;0;0;"50-55 ans";"0184_0184_0184"
"20-25 ans";"5-10 km";"Consultant";"Non";36;"H";1;"CDI";35;"3000-3500€";35;0;0;"40-45 ans";"0185_0185_0185"
"15-20 ans";"20-25 km";"RH";"Non";23;"F";3;"CDI";35;"3000-3500€";27;1;0;"45-50 ans";"0186_0186_0186"
"0-5 ans";"5-10 km";"Compta Finances";"Non";45;"F";1;"CDD";35;"3000-3500€";38;0;0;"25-30 ans";"0187_0187_0187"
"0-5 ans";"55-60 km";"Commercial";"Non";58;"F";3;"CDD";35;"3000-3500€";3;0;0;"40-45 ans";"0188_0188_0188"
"0-5 ans";"40-45 km";"Consultant";"Non";18;"F";3;"CDD";35;"3000-3500€";10;0;0;"40-45 ans";"0189_0189_0189"
"5-10 ans";"15-20 km";"Commercial";"Oui";67;"F";2;"CDI";35;"3000-3500€";0;0;0;"55-60 ans";"0190_0190_0190"
"5-10 ans";"40-45 km";"RH";"Non";48;"F";3;"CDI";24;"3000-3500€";37;0;0;"60-65 ans";"0191_0191_0191"
"20-25 ans";"55-60 km";"Consultant";"Non";19;"F";1;"CDI";35;"3000-3500€";13;0;0;"60-65 ans";"0192_0192_0192"
"15-20 ans";"25-30 km";"RH";"Non";73;"F";2;"CDI";24;"3000-3500€";6;0;0;"50-55 ans";"0193_0193_0193"
"0-5 ans";"15-20 km";"Consultant";"Non";24;"F";2;"CDD";35;"3000-3500€";8;0;0;"60-65 ans";"0194_0194_0194"
"15-20 ans";"15-20 km";"RH";"Non";15;"F";2;"CDI";35;"3000-3500€";19;1;0;"50-55 ans";"0195_0195_0195"
"5-10 ans";"10-15 km";"Marketing";"Non";22;"H";3;"CDI";35;"2500-3000€";21;1;0;"25-30 ans";"0196_0196_0196"
"5-10 ans";"25-30 km";"Commercial";"Oui";97;"F";1;"CDI";35;"2500-3000€";33;1;1;"50-55 ans";"0197_0197_0197"
"20-25 ans";"40-45 km";"Consultant";"Non";89;"H";0;"CDI";35;"2500-3000€";39;1;0;"45-50 ans";"0198_0198_0198"
"10-15 ans";"40-45 km";"Commercial";"Non";98;"F";2;"CDI";35;"2500-3000€";35;1;0;"35-40 ans";"0199_0199_0199"
"0-5 ans";"60-65 km";"Marketing";"Non";40;"F";2;"CDI";35;"2500-3000€";35;0;1;"55-60 ans";"0200_0200_0200"
"0-5 ans";"10-15 km";"Commercial";"Non";76;"F";1;"CDD";35;"2500-3000€";27;0;0;"50-55 ans";"0201_0201_0201"
"0-5 ans";"10-15 km";"Informatique";"Oui";81;"H";0;"CDD";35;"2500-3000€";15;1;0;"30-35 ans";"0202_0202_0202"
"10-15 ans";"10-15 km";"Consultant";"Non";69;"H";1;"CDI";35;"2500-3000€";2;0;0;"45-50 ans";"0203_0203_0203"
"5-10 ans";"60-65 km";"Consultant";"Non";24;"H";3;"CDI";35;"2500-3000€";15;1;0;"60-65 ans";"0204_0204_0204"
"20-25 ans";"5-10 km";"Commercial";"Non";86;"H";3;"CDI";35;"2500-3000€";21;0;0;"50-55 ans";"0205_0205_0205"
"10-15 ans";"15-20 km";"Consultant";"Non";9;"H";3;"CDI";28;"2500-3000€";8;1;0;"50-55 ans";"0206_0206_0206"
"20-25 ans";"10-15 km";"Consultant";"Non";66;"H";1;"CDI";35;"2500-3000€";10;1;0;"55-60 ans";"0207_0207_0207"
"15-20 ans";"65-70 km";"Compta Finances";"Oui";89;"H";2;"CDI";35;"2500-3000€";33;0;0;"35-40 ans";"0208_0208_0208"
"5-10 ans";"40-45 km";"RH";"Non";88;"H";3;"CDI";35;"2500-3000€";6;1;0;"60-65 ans";"0209_0209_0209"
"20-25 ans";"45-50 km";"RH";"Non";47;"H";0;"CDI";24;"2500-3000€";27;0;0;"55-60 ans";"0210_0210_0210"
"15-20 ans";"20-25 km";"Consultant";"Non";3;"F";2;"CDI";35;"2500-3000€";4;1;0;"45-50 ans";"0211_0211_0211"
"0-5 ans";"40-45 km";"Consultant";"Non";60;"H";0;"CDI";35;"2500-3000€";20;1;0;"50-55 ans";"0212_0212_0212"
"20-25 ans";"60-65 km";"Compta Finances";"Non";70;"H";0;"CDI";35;"2500-3000€";32;1;0;"55-60 ans";"0213_0213_0213"
"15-20 ans";"40-45 km";"Consultant";"Non";68;"H";0;"CDI";35;"2500-3000€";13;0;0;"30-35 ans";"0214_0214_0214"
"0-5 ans";"55-60 km";"Consultant";"Oui";59;"H";2;"CDD";35;"2500-3000€";22;0;0;"35-40 ans";"0215_0215_0215"
"5-10 ans";"20-25 km";"Commercial";"Oui";79;"H";2;"CDI";35;"2500-3000€";21;0;0;"35-40 ans";"0216_0216_0216"
"15-20 ans";"45-50 km";"RH";"Non";98;"F";2;"CDI";24;"2500-3000€";18;1;1;"45-50 ans";"0217_0217_0217"
"0-5 ans";"40-45 km";"Consultant";"Oui";6;"F";0;"CDD";32;"2000-2500€";21;0;0;"45-50 ans";"0218_0218_0218"
"0-5 ans";"10-15 km";"Marketing";"Oui";70;"F";1;"CDD";35;"2000-2500€";21;0;0;"45-50 ans";"0219_0219_0219"
"20-25 ans";"10-15 km";"Commercial";"Oui";62;"H";2;"CDI";35;"2000-2500€";11;0;0;"45-50 ans";"0220_0220_0220"
"10-15 ans";"15-20 km";"Commercial";"Non";52;"F";1;"CDI";35;"2000-2500€";20;0;0;"30-35 ans";"0221_0221_0221"
"0-5 ans";"10-15 km";"Consultant";"Non";100;"H";1;"CDD";32;"2000-2500€";12;0;0;"45-50 ans";"0222_0222_0222"
"5-10 ans";"0-5 km";"Commercial";"Non";63;"F";3;"CDI";35;"2000-2500€";23;0;0;"50-55 ans";"0223_0223_0223"
"0-5 ans";"10-15 km";"Consultant";"Non";81;"F";3;"CDD";35;"2000-2500€";2;0;0;"30-35 ans";"0224_0224_0224"
"0-5 ans";"10-15 km";"Consultant";"Non";60;"F";3;"CDI";35;"2000-2500€";18;1;1;"45-50 ans";"0225_0225_0225"
"0-5 ans";"5-10 km";"Compta Finances";"Non";84;"F";1;"CDD";35;"2000-2500€";39;0;0;"55-60 ans";"0226_0226_0226"
"10-15 ans";"30-35 km";"Compta Finances";"Oui";40;"F";0;"CDI";35;"2000-2500€";7;1;1;"45-50 ans";"0227_0227_0227"
"20-25 ans";"0-5 km";"Consultant";"Non";59;"F";2;"CDI";35;"2000-2500€";28;0;0;"40-45 ans";"0228_0228_0228"
"0-5 ans";"50-55 km";"Commercial";"Non";58;"F";1;"CDI";35;"2000-2500€";34;0;0;"55-60 ans";"0229_0229_0229"
"5-10 ans";"40-45 km";"Consultant";"Non";95;"F";2;"CDI";35;"2000-2500€";24;1;0;"25-30 ans";"0230_0230_0230"
"10-15 ans";"40-45 km";"Consultant";"Non";37;"H";2;"CDI";24;"2000-2500€";12;0;0;"55-60 ans";"0231_0231_0231"
"5-10 ans";"55-60 km";"Compta Finances";"Non";12;"F";0;"CDI";35;"2000-2500€";13;0;0;"25-30 ans";"0232_0232_0232"
"5-10 ans";"55-60 km";"Consultant";"Non";92;"F";1;"CDI";35;"2000-2500€";19;0;0;"35-40 ans";"0233_0233_0233"
"10-15 ans";"0-5 km";"Consultant";"Non";42;"H";0;"CDI";35;"2000-2500€";4;1;0;"40-45 ans";"0234_0234_0234"
"0-5 ans";"60-65 km";"Compta Finances";"Non";44;"F";1;"CDI";35;"2000-2500€";35;1;0;"25-30 ans";"0235_0235_0235"
"0-5 ans";"65-70 km";"Marketing";"Non";19;"H";0;"CDD";35;"1500-2000€";5;0;0;"35-40 ans";"0236_0236_0236"
"5-10 ans";"45-50 km";"Compta Finances";"Non";31;"H";2;"CDI";35;"1500-2000€";6;1;0;"35-40 ans";"0237_0237_0237"
"0-5 ans";"30-35 km";"Compta Finances";"Non";18;"F";3;"CDD";35;"1500-2000€";17;1;0;"30-35 ans";"0238_0238_0238"
"10-15 ans";"25-30 km";"Consultant";"Non";45;"H";1;"CDI";35;"1500-2000€";27;0;0;"45-50 ans";"0239_0239_0239"
"0-5 ans";"50-55 km";"Marketing";"Non";67;"F";3;"CDI";35;"1500-2000€";12;1;0;"30-35 ans";"0240_0240_0240"
"20-25 ans";"35-40 km";"Consultant";"Non";15;"H";0;"CDI";28;"1500-2000€";19;0;0;"40-45 ans";"0241_0241_0241"
"15-20 ans";"0-5 km";"Compta Finances";"Non";15;"H";1;"CDI";35;"1500-2000€";6;0;0;"35-40 ans";"0242_0242_0242"
"5-10 ans";"20-25 km";"Compta Finances";"Non";17;"H";3;"CDI";35;"1500-2000€";8;0;1;"50-55 ans";"0243_0243_0243"
"0-5 ans";"65-70 km";"Consultant";"Non";81;"H";3;"CDI";35;"1500-2000€";8;1;0;"30-35 ans";"0244_0244_0244"
"5-10 ans";"40-45 km";"Consultant";"Non";47;"F";2;"CDI";35;"1500-2000€";16;1;0;"45-50 ans";"0245_0245_0245"
"15-20 ans";"20-25 km";"Compta Finances";"Non";44;"H";3;"CDI";35;"1500-2000€";20;1;1;"50-55 ans";"0246_0246_0246"
"10-15 ans";"10-15 km";"Consultant";"Non";87;"H";0;"CDI";24;"1500-2000€";10;1;1;"45-50 ans";"0247_0247_0247"
"5-10 ans";"20-25 km";"Consultant";"Non";87;"F";3;"CDI";35;"1500-2000€";39;1;0;"45-50 ans";"0248_0248_0248"
"20-25 ans";"55-60 km";"Consultant";"Non";98;"H";3;"CDI";35;"1500-2000€";17;1;0;"50-55 ans";"0249_0249_0249"
"10-15 ans";"40-45 km";"Marketing";"Non";32;"H";0;"CDI";35;"1500-2000€";22;1;0;"25-30 ans";"0250_0250_0250"
"15-20 ans";"40-45 km";"Consultant";"Non";69;"H";0;"CDI";35;"1500-2000€";18;0;0;"35-40 ans";"0251_0251_0251"
"10-15 ans";"40-45 km";"Marketing";"Non";40;"F";1;"CDI";35;"1500-2000€";18;0;1;"30-35 ans";"0252_0252_0252"
"10-15 ans";"35-40 km";"Commercial";"Non";62;"H";2;"CDI";35;"1500-2000€";30;1;1;"45-50 ans";"0253_0253_0253"
"5-10 ans";"15-20 km";"Consultant";"Non";30;"H";0;"CDI";24;"1000-1500€";14;1;0;"45-50 ans";"0254_0254_0254"
"10-15 ans";"15-20 km";"Compta Finances";"Non";68;"F";1;"CDI";24;"1000-1500€";1;0;1;"30-35 ans";"0255_0255_0255"
